[
    {"firstname": "John", "lastname": "Smith", "sex": "Male", "city": "Newyork"},
    {"firstname": "July", "lastname":"Thomas", "sex": "Female", "city": "Plano"},
     {"firstname": "Austin", "lastname": "Max", "sex": "Male", "city": "Los Angles"},
    {"firstname": "Brain", "Lara":"Thomas", "sex": "Male", "city": "England"},
     {"firstname": "Jennifer", "lastname": "Chiristina", "sex": "Female", "city": "Sydney"},
    {"firstname": "White", "lastname":"Alex", "sex": "Male", "city": "Plano"},
     {"firstname": "Dharshan", "lastname": "Kumar", "sex": "Male", "city": "Bangalore"},
    {"firstname": "Sunil", "lastname":"Kumar", "sex": "Male", "city": "Delhi"},
     {"firstname": "Aryan", "lastname": "Sarat", "sex": "Male", "city": "Mumbai"},
    {"firstname": "Rahul", "lastname":"Panday", "sex": "Male", "city": "Pune"},
     {"firstname": "Shanker", "lastname": "Lal", "sex": "Male", "city": "Chennai"},
    {"firstname": "Suju", "lastname":"Kurivilla", "sex": "Male", "city": "Plano"}
  ]
